sample	unit	library	flowcell	platform	barcode	sample_id	lane	fq1	fq2	kb1	kb2
s0001	1	C039	HMKLTDSX5	ILLUMINA	GTATTGGC+ACCGACAA	C003528	3	data/C003528_C039_1E_S97_L003_R1_001.fastq.gz	data/C003528_C039_1E_S97_L003_R2_001.fastq.gz	4665808.858	5058041.902
s0002	1	C039	HMKLTDSX5	ILLUMINA	TATCAGCG+GCCTATGT	C003530	3	data/C003530_C039_1G_S96_L003_R1_001.fastq.gz	data/C003530_C039_1G_S96_L003_R2_001.fastq.gz	5403536.231	5918707.896
s0003	1	C039	HMKLTDSX5	ILLUMINA	GAGCTCAA+GCATCCTA	C003536	3	data/C003536_C039_2E_S95_L003_R1_001.fastq.gz	data/C003536_C039_2E_S95_L003_R2_001.fastq.gz	6360590.356	6694609.576
s0004	1	C039	HMKLTDSX5	ILLUMINA	TGTCCAGA+GCCAGAAT	C003539	3	data/C003539_C039_2H_S94_L003_R1_001.fastq.gz	data/C003539_C039_2H_S94_L003_R2_001.fastq.gz	5702988.542	6303296.728
s0005	1	C039	HMKLTDSX5	ILLUMINA	TGCGTAGA+TAGCTGAG	C003544	3	data/C003544_C039_3E_S79_L003_R1_001.fastq.gz	data/C003544_C039_3E_S79_L003_R2_001.fastq.gz	6094940.059	6646672.905
s0006	1	C039	HMKLTDSX5	ILLUMINA	GCAATTCG+AACCAGAG	C003550	3	data/C003550_C039_4C_S80_L003_R1_001.fastq.gz	data/C003550_C039_4C_S80_L003_R2_001.fastq.gz	5663202.838	5877300.367
s0007	1	C039	HMKLTDSX5	ILLUMINA	TCTGCTCT+AGCGTGTA	C003555	3	data/C003555_C039_4H_S78_L003_R1_001.fastq.gz	data/C003555_C039_4H_S78_L003_R2_001.fastq.gz	7979597.617	8379225.741
s0008	1	C039	HMKLTDSX5	ILLUMINA	GCTTAGCT+TGTCAGTG	C003563	3	data/C003563_C039_5H_S75_L003_R1_001.fastq.gz	data/C003563_C039_5H_S75_L003_R2_001.fastq.gz	5266481.796	5628394.147
s0009	1	C039	HMKLTDSX5	ILLUMINA	AGGATGGT+GTATTCCG	C003564	3	data/C003564_C039_6A_S98_L003_R1_001.fastq.gz	data/C003564_C039_6A_S98_L003_R2_001.fastq.gz	4932091.251	5304808.546
s0010	1	C039	HMKLTDSX5	ILLUMINA	AACCTCCT+AGGCTGAA	C003571	3	data/C003571_C039_6H_S93_L003_R1_001.fastq.gz	data/C003571_C039_6H_S93_L003_R2_001.fastq.gz	7405645.419	7907143.402
s0011	1	C039	HMKLTDSX5	ILLUMINA	ACCGCATA+ACAACAGC	C003575	3	data/C003575_C039_7D_S92_L003_R1_001.fastq.gz	data/C003575_C039_7D_S92_L003_R2_001.fastq.gz	6186114.234	6729301.316
s0012	1	C039	HMKLTDSX5	ILLUMINA	GATCGTAC+CCTTCCAT	C003582	3	data/C003582_C039_8C_S91_L003_R1_001.fastq.gz	data/C003582_C039_8C_S91_L003_R2_001.fastq.gz	3926262.628	4167634.425
s0013	1	C039	HMKLTDSX5	ILLUMINA	CATAACGG+TTGGTGCA	C003586	3	data/C003586_C039_8G_S76_L003_R1_001.fastq.gz	data/C003586_C039_8G_S76_L003_R2_001.fastq.gz	5992020.039	6291442.227
s0014	1	C039	HMKLTDSX5	ILLUMINA	TTAGGTCG+AGTGACCT	C003592	3	data/C003592_C039_9E_S77_L003_R1_001.fastq.gz	data/C003592_C039_9E_S77_L003_R2_001.fastq.gz	7001359.446	7434022.857
s0015	1	C039	HMKLTDSX5	ILLUMINA	TACCAGGA+GAGAGTAC	C003602	3	data/C003602_C039_10G_S73_L003_R1_001.fastq.gz	data/C003602_C039_10G_S73_L003_R2_001.fastq.gz	6701799.699	7167616.529
s0016	1	C039	HMKLTDSX5	ILLUMINA	CGTTATGC+AACCACTC	C003607	3	data/C003607_C039_11D_S74_L003_R1_001.fastq.gz	data/C003607_C039_11D_S74_L003_R2_001.fastq.gz	6453590.501	6756158.076
s0017	1	C039	HMKLTDSX5	ILLUMINA	TCACGTTC+CACCAGTT	C003618	3	data/C003618_C039_12G_S90_L003_R1_001.fastq.gz	data/C003618_C039_12G_S90_L003_R2_001.fastq.gz	5335615.047	5568188.621
s0018	1	C039	HMKLTDSX5	ILLUMINA	ACTGTGTC+TTCGGCTA	C003619	3	data/C003619_C039_12H_S89_L003_R1_001.fastq.gz	data/C003619_C039_12H_S89_L003_R2_001.fastq.gz	6282294.842	6509841.887
s0019	1	C040	HMKLTDSX5	ILLUMINA	TCAGACGA+ACTGCTTG	C003624	3	data/C003624_C040_1E_S88_L003_R1_001.fastq.gz	data/C003624_C040_1E_S88_L003_R2_001.fastq.gz	6792395.758	6922663.121
s0020	1	C040	HMKLTDSX5	ILLUMINA	TCGTAGTC+CGAGTTAG	C003629	3	data/C003629_C040_2B_S82_L003_R1_001.fastq.gz	data/C003629_C040_2B_S82_L003_R2_001.fastq.gz	6410483.81	6735287.028
s0021	1	C040	HMKLTDSX5	ILLUMINA	CCTTCCTT+CTTCGGTT	C003634	3	data/C003634_C040_2G_S84_L003_R1_001.fastq.gz	data/C003634_C040_2G_S84_L003_R2_001.fastq.gz	7653013.728	7921669.154
s0022	1	C040	HMKLTDSX5	ILLUMINA	CTTCACCA+TGGCTCTT	C003639	3	data/C003639_C040_3D_S83_L003_R1_001.fastq.gz	data/C003639_C040_3D_S83_L003_R2_001.fastq.gz	6246085.768	6560535.479
s0023	1	C040	HMKLTDSX5	ILLUMINA	CAGCGATT+CTCTCAGA	C003647	3	data/C003647_C040_4D_S85_L003_R1_001.fastq.gz	data/C003647_C040_4D_S85_L003_R2_001.fastq.gz	7302992.55	7527604.899
s0024	1	C040	HMKLTDSX5	ILLUMINA	TTGACAGG+GAAGACTG	C003652	3	data/C003652_C040_5A_S81_L003_R1_001.fastq.gz	data/C003652_C040_5A_S81_L003_R2_001.fastq.gz	5529742.541	5735621.902
s0025	1	C040	HMKLTDSX5	ILLUMINA	CGTGTACT+GTTCCATG	C003654	3	data/C003654_C040_5C_S87_L003_R1_001.fastq.gz	data/C003654_C040_5C_S87_L003_R2_001.fastq.gz	6489018.444	6774118.196
s0026	1	C040	HMKLTDSX5	ILLUMINA	CCAGTGTT+CTAGCAGT	C003661	3	data/C003661_C040_6B_S86_L003_R1_001.fastq.gz	data/C003661_C040_6B_S86_L003_R2_001.fastq.gz	8045380.03	8379518.714
s0027	1	C040	HMKLTDSX5	ILLUMINA	GTATGCTG+AACTGAGG	C003666	3	data/C003666_C040_6G_S72_L003_R1_001.fastq.gz	data/C003666_C040_6G_S72_L003_R2_001.fastq.gz	6699995.577	6998754.255
s0028	1	C040	HMKLTDSX5	ILLUMINA	ATGGTTGC+AGCCAACT	C003670	3	data/C003670_C040_7C_S71_L003_R1_001.fastq.gz	data/C003670_C040_7C_S71_L003_R2_001.fastq.gz	7384894.438	7574607.08
s0029	1	C040	HMKLTDSX5	ILLUMINA	ACGTGATG+GATAGCCA	C003671	3	data/C003671_C040_7D_S70_L003_R1_001.fastq.gz	data/C003671_C040_7D_S70_L003_R2_001.fastq.gz	5807096.788	5959091.645
s0030	1	C041	HMKLTDSX5	ILLUMINA	CGTCAATG+CCAACACT	C003674	3	data/C003674_C041_11G_S69_L003_R1_001.fastq.gz	data/C003674_C041_11G_S69_L003_R2_001.fastq.gz	6485222.783	6922849.267
s0031	1	M1305	HMKLTDSX5	ILLUMINA	CTACAGTG+ATACTGGC	M127372	1	data/M127372_M1305_4A_S23_L001_R1_001.fastq.gz	data/M127372_M1305_4A_S23_L001_R2_001.fastq.gz	5694187.411	6037792.452
s0032	1	M1305	HMKLTDSX5	ILLUMINA	CTCAGCTA+TCTACGCA	M127396	2	data/M127396_M1305_7A_S49_L002_R1_001.fastq.gz	data/M127396_M1305_7A_S49_L002_R2_001.fastq.gz	5521219.521	5738609.324
s0033	1	M1305	HMKLTDSX5	ILLUMINA	ACGTCGTA+CCATGAAC	M127423	1	data/M127423_M1305_10D_S1_L001_R1_001.fastq.gz	data/M127423_M1305_10D_S1_L001_R2_001.fastq.gz	7681716.611	8136784.213
s0034	1	M1305	HMKLTDSX5	ILLUMINA	TACACGCT+AGAGCAGA	M127440	1	data/M127440_M1305_12E_S24_L001_R1_001.fastq.gz	data/M127440_M1305_12E_S24_L001_R2_001.fastq.gz	7225495.261	7574180.668
s0035	1	M1320	HMKLTDSX5	ILLUMINA	TGGTCCTT+AGCCGTAA	M128791	1	data/M128791_M1320_1D_S26_L001_R1_001.fastq.gz	data/M128791_M1320_1D_S26_L001_R2_001.fastq.gz	8068530.485	8476156.664
s0036	1	M1320	HMKLTDSX5	ILLUMINA	TCGAGTGA+AACCTACG	M128861	1	data/M128861_M1320_10B_S2_L001_R1_001.fastq.gz	data/M128861_M1320_10B_S2_L001_R2_001.fastq.gz	6512476.359	6840010.724
s0037	1	M1322	HMKLTDSX5	ILLUMINA	CGATGCTT+CGTAGATG	M128983	1	data/M128983_M1322_1D_S29_L001_R1_001.fastq.gz	data/M128983_M1322_1D_S29_L001_R2_001.fastq.gz	6557759.023	6717312.41
s0038	1	M1322	HMKLTDSX5	ILLUMINA	TGCACCAA+CCGTTATG	M129006	1	data/M129006_M1322_4C_S31_L001_R1_001.fastq.gz	data/M129006_M1322_4C_S31_L001_R2_001.fastq.gz	6919840.935	7257623.188
s0039	1	M1322	HMKLTDSX5	ILLUMINA	ACGGTCTT+AACTCGGA	M129030	1	data/M129030_M1322_7C_S33_L001_R1_001.fastq.gz	data/M129030_M1322_7C_S33_L001_R2_001.fastq.gz	6517787.626	6827888.53
s0040	1	M1322	HMKLTDSX5	ILLUMINA	TCGACATC+ATCGGAGA	M129040	1	data/M129040_M1322_8E_S32_L001_R1_001.fastq.gz	data/M129040_M1322_8E_S32_L001_R2_001.fastq.gz	5456091.77	5661083.159
s0041	1	M1323	HMKLTDSX5	ILLUMINA	GTGTTCCT+TTCGAAGC	M129098	1	data/M129098_M1323_3G_S15_L001_R1_001.fastq.gz	data/M129098_M1323_3G_S15_L001_R2_001.fastq.gz	5875924.585	5999058.735
s0042	1	M1323	HMKLTDSX5	ILLUMINA	GCACGTAA+CACATGGT	M129133	1	data/M129133_M1323_8B_S14_L001_R1_001.fastq.gz	data/M129133_M1323_8B_S14_L001_R2_001.fastq.gz	5248889.448	5375804.835
s0043	1	M1323	HMKLTDSX5	ILLUMINA	TCCGTATG+TGGATGGT	M129153	1	data/M129153_M1323_10F_S17_L001_R1_001.fastq.gz	data/M129153_M1323_10F_S17_L001_R2_001.fastq.gz	6123548.678	6338058.65
s0044	1	M1324	HMKLTDSX5	ILLUMINA	CAAGTGCA+CATACTCG	M129204	1	data/M129204_M1324_5A_S19_L001_R1_001.fastq.gz	data/M129204_M1324_5A_S19_L001_R2_001.fastq.gz	5649719.41	5919945.738
s0045	1	M1324	HMKLTDSX5	ILLUMINA	GATTGGAG+CGAGAGAA	M129209	1	data/M129209_M1324_5F_S18_L001_R1_001.fastq.gz	data/M129209_M1324_5F_S18_L001_R2_001.fastq.gz	5604492.883	5811947.554
s0046	1	M1324	HMKLTDSX5	ILLUMINA	AGGCATAG+AAGAGGCA	M129232	1	data/M129232_M1324_8E_S34_L001_R1_001.fastq.gz	data/M129232_M1324_8E_S34_L001_R2_001.fastq.gz	5982059.286	6252554.797
s0047	1	M1325	HMKLTDSX5	ILLUMINA	ATCGGTGT+ACATGGAG	M129295	1	data/M129295_M1325_4D_S16_L001_R1_001.fastq.gz	data/M129295_M1325_4D_S16_L001_R2_001.fastq.gz	9198330.716	9375298.19
s0048	1	M1326	HMKLTDSX5	ILLUMINA	ACCATGTG+TTACGTGC	M129374	1	data/M129374_M1326_2C_S12_L001_R1_001.fastq.gz	data/M129374_M1326_2C_S12_L001_R2_001.fastq.gz	5514354.603	5766879.141
s0049	1	M1327	HMKLTDSX5	ILLUMINA	AGCAGATG+GTACCACA	M129490	1	data/M129490_M1327_4G_S11_L001_R1_001.fastq.gz	data/M129490_M1327_4G_S11_L001_R2_001.fastq.gz	6412619.046	6633870.052
s0050	1	M1327	HMKLTDSX5	ILLUMINA	CCATACGT+CTCTTGTC	M129502	1	data/M129502_M1327_6C_S27_L001_R1_001.fastq.gz	data/M129502_M1327_6C_S27_L001_R2_001.fastq.gz	7009820.27	7238760.486
s0051	1	M1327	HMKLTDSX5	ILLUMINA	GCTTCTTG+TAGAACGC	M129542	1	data/M129542_M1327_11C_S28_L001_R1_001.fastq.gz	data/M129542_M1327_11C_S28_L001_R2_001.fastq.gz	6874529.331	7053035.285
s0052	1	M1361	HMKLTDSX5	ILLUMINA	AGGTCACT+CGACCTAA	M132751	1	data/M132751_M1361_11B_S30_L001_R1_001.fastq.gz	data/M132751_M1361_11B_S30_L001_R2_001.fastq.gz	6887991.802	7342235.143
s0053	1	M1361	HMKLTDSX5	ILLUMINA	CTAACTCG+GACTACGA	M132765	1	data/M132765_M1361_12H_S13_L001_R1_001.fastq.gz	data/M132765_M1361_12H_S13_L001_R2_001.fastq.gz	5892504.944	5992644.651
s0054	1	M1362	HMKLTDSX5	ILLUMINA	AACCGAAG+AAGGAAGG	M132827	1	data/M132827_M1362_1H_S21_L001_R1_001.fastq.gz	data/M132827_M1362_1H_S21_L001_R2_001.fastq.gz	4965573.696	5066171.857
s0055	1	M1362	HMKLTDSX5	ILLUMINA	CTCTGGTT+CGAATTGC	M132831	2	data/M132831_M1362_2D_S47_L002_R1_001.fastq.gz	data/M132831_M1362_2D_S47_L002_R2_001.fastq.gz	7646539.907	7963759.407
s0056	1	M1362	HMKLTDSX5	ILLUMINA	TCTGAGAG+AATCGCTG	M132836	2	data/M132836_M1362_3A_S45_L002_R1_001.fastq.gz	data/M132836_M1362_3A_S45_L002_R2_001.fastq.gz	6330088.687	6477337.204
s0057	1	M1362	HMKLTDSX5	ILLUMINA	ACTGCTAG+AACACTGG	M132843	2	data/M132843_M1362_3H_S61_L002_R1_001.fastq.gz	data/M132843_M1362_3H_S61_L002_R2_001.fastq.gz	6274922.495	6449744.698
s0058	1	M1362	HMKLTDSX5	ILLUMINA	CATGGAAC+AGTACACG	M132845	2	data/M132845_M1362_4B_S60_L002_R1_001.fastq.gz	data/M132845_M1362_4B_S60_L002_R2_001.fastq.gz	5830079.522	6065050.718
s0059	1	M1362	HMKLTDSX5	ILLUMINA	CAAGCAGT+TCGTCTGA	M132849	2	data/M132849_M1362_4F_S59_L002_R1_001.fastq.gz	data/M132849_M1362_4F_S59_L002_R2_001.fastq.gz	5338458.049	5533457.484
s0060	1	M1362	HMKLTDSX5	ILLUMINA	TAGCCGAA+GACACAGT	M132852	2	data/M132852_M1362_5A_S48_L002_R1_001.fastq.gz	data/M132852_M1362_5A_S48_L002_R2_001.fastq.gz	6957526.513	7285622.041
s0061	1	M1362	HMKLTDSX5	ILLUMINA	AAGAGCCA+TGGTGAAG	M132856	2	data/M132856_M1362_5E_S46_L002_R1_001.fastq.gz	data/M132856_M1362_5E_S46_L002_R2_001.fastq.gz	7251233.502	7449308.794
s0062	1	M1362	HMKLTDSX5	ILLUMINA	AACTGGTG+GAACGTGA	M132859	2	data/M132859_M1362_5H_S58_L002_R1_001.fastq.gz	data/M132859_M1362_5H_S58_L002_R2_001.fastq.gz	6753624.275	7045103.605
s0063	1	M1362	HMKLTDSX5	ILLUMINA	ATGGAAGG+GTACGATC	M132860	2	data/M132860_M1362_6A_S57_L002_R1_001.fastq.gz	data/M132860_M1362_6A_S57_L002_R2_001.fastq.gz	6615478.195	6912159.403
s0064	1	M1362	HMKLTDSX5	ILLUMINA	GCTGTTGT+TATGCGGT	M132861	2	data/M132861_M1362_6B_S56_L002_R1_001.fastq.gz	data/M132861_M1362_6B_S56_L002_R2_001.fastq.gz	6322895.81	6639928.999
s0065	1	M1362	HMKLTDSX5	ILLUMINA	TTCAGCCT+AGGAGGTT	M132864	2	data/M132864_M1362_6E_S55_L002_R1_001.fastq.gz	data/M132864_M1362_6E_S55_L002_R2_001.fastq.gz	6831671.9	7093344.328
s0066	1	M1362	HMKLTDSX5	ILLUMINA	ATTCTGGC+TCTGGACA	M132866	2	data/M132866_M1362_6G_S54_L002_R1_001.fastq.gz	data/M132866_M1362_6G_S54_L002_R2_001.fastq.gz	5523855.887	5864752.852
s0067	1	M1362	HMKLTDSX5	ILLUMINA	TAGGATGC+TTGAGCTC	M132870	2	data/M132870_M1362_7C_S53_L002_R1_001.fastq.gz	data/M132870_M1362_7C_S53_L002_R2_001.fastq.gz	5699629.734	5870924.774
s0068	1	M1362	HMKLTDSX5	ILLUMINA	ACATAGGC+CGCTGATA	M132871	2	data/M132871_M1362_7D_S52_L002_R1_001.fastq.gz	data/M132871_M1362_7D_S52_L002_R2_001.fastq.gz	6049079.528	6409032.485
s0069	1	M1362	HMKLTDSX5	ILLUMINA	CATTGCCT+GATCTCAG	M132879	2	data/M132879_M1362_8D_S50_L002_R1_001.fastq.gz	data/M132879_M1362_8D_S50_L002_R2_001.fastq.gz	7098034.164	7368799.481
s0070	1	M1362	HMKLTDSX5	ILLUMINA	CGGAATAC+ACCATCCT	M132881	2	data/M132881_M1362_8F_S43_L002_R1_001.fastq.gz	data/M132881_M1362_8F_S43_L002_R2_001.fastq.gz	6252902.41	6614552.023
s0071	1	M1362	HMKLTDSX5	ILLUMINA	TTACGGCT+AAGGACCA	M132889	2	data/M132889_M1362_9F_S65_L002_R1_001.fastq.gz	data/M132889_M1362_9F_S65_L002_R2_001.fastq.gz	6865396.805	7335392.261
s0072	1	M1362	HMKLTDSX5	ILLUMINA	CAACCTAG+AGGTCTGT	M132890	2	data/M132890_M1362_9G_S64_L002_R1_001.fastq.gz	data/M132890_M1362_9G_S64_L002_R2_001.fastq.gz	6115637.535	6357499.032
s0073	1	M1362	HMKLTDSX5	ILLUMINA	CACCACTA+TGACCGTT	M132896	2	data/M132896_M1362_10E_S63_L002_R1_001.fastq.gz	data/M132896_M1362_10E_S63_L002_R2_001.fastq.gz	5493450.649	5833598.704
s0074	1	M1362	HMKLTDSX5	ILLUMINA	TTACCGAG+AGTCTTGG	M132898	3	data/M132898_M1362_10G_S102_L003_R1_001.fastq.gz	data/M132898_M1362_10G_S102_L003_R2_001.fastq.gz	6204135.549	6574450.596
s0075	1	M1362	HMKLTDSX5	ILLUMINA	GACTTAGG+GTTCTTCG	M132903	3	data/M132903_M1362_11D_S101_L003_R1_001.fastq.gz	data/M132903_M1362_11D_S101_L003_R2_001.fastq.gz	6040018.083	6378625.984
s0076	1	M1362	HMKLTDSX5	ILLUMINA	TGTGGTAC+CATCTGCT	M132906	3	data/M132906_M1362_11G_S100_L003_R1_001.fastq.gz	data/M132906_M1362_11G_S100_L003_R2_001.fastq.gz	5503880.219	5723777.484
s0077	1	M1362	HMKLTDSX5	ILLUMINA	CATCTACG+AAGCATCG	M132910	3	data/M132910_M1362_12C_S99_L003_R1_001.fastq.gz	data/M132910_M1362_12C_S99_L003_R2_001.fastq.gz	5970090.431	6353995.451
s0078	1	M1362	HMKLTDSX5	ILLUMINA	TCTAACGC+CGCCTTAT	M132915	2	data/M132915_M1362_12H_S66_L002_R1_001.fastq.gz	data/M132915_M1362_12H_S66_L002_R2_001.fastq.gz	7549415.773	7772371.702
s0079	1	M1365	HMKLTDSX5	ILLUMINA	CGTACGAA+AGATACGG	M133058	2	data/M133058_M1365_1E_S67_L002_R1_001.fastq.gz	data/M133058_M1365_1E_S67_L002_R2_001.fastq.gz	6376120.663	6612723.607
s0080	1	M1365	HMKLTDSX5	ILLUMINA	GCTTCGAA+AGGAACAC	M133063	1	data/M133063_M1365_2B_S10_L001_R1_001.fastq.gz	data/M133063_M1365_2B_S10_L001_R2_001.fastq.gz	5333547.253	5627783.869
s0081	1	M1365	HMKLTDSX5	ILLUMINA	CGTAGGTT+TCACTCGA	M133066	1	data/M133066_M1365_2E_S9_L001_R1_001.fastq.gz	data/M133066_M1365_2E_S9_L001_R2_001.fastq.gz	5984670.586	6314757.447
s0082	1	M1365	HMKLTDSX5	ILLUMINA	GACAAGAG+ACGTATGG	M133070	1	data/M133070_M1365_3A_S8_L001_R1_001.fastq.gz	data/M133070_M1365_3A_S8_L001_R2_001.fastq.gz	5732272.197	5957562.272
s0083	1	M1365	HMKLTDSX5	ILLUMINA	CAGGTATC+AGAACCAG	M133077	1	data/M133077_M1365_3H_S7_L001_R1_001.fastq.gz	data/M133077_M1365_3H_S7_L001_R2_001.fastq.gz	7045942.952	7377616.998
s0084	1	M1365	HMKLTDSX5	ILLUMINA	GCATACAG+TCAGCCTT	M133082	1	data/M133082_M1365_4E_S6_L001_R1_001.fastq.gz	data/M133082_M1365_4E_S6_L001_R2_001.fastq.gz	6122000.167	6310767.643
s0085	1	M1365	HMKLTDSX5	ILLUMINA	CAAGGTCT+GATGCTAC	M133086	1	data/M133086_M1365_5A_S5_L001_R1_001.fastq.gz	data/M133086_M1365_5A_S5_L001_R2_001.fastq.gz	6341753	6607551.13
s0086	1	M1365	HMKLTDSX5	ILLUMINA	TCCGAGTT+AAGACCGT	M133090	1	data/M133090_M1365_5E_S4_L001_R1_001.fastq.gz	data/M133090_M1365_5E_S4_L001_R2_001.fastq.gz	6857273.638	7175334.509
s0087	1	M1365	HMKLTDSX5	ILLUMINA	TCGTGGAT+ACCTAGAC	M133095	1	data/M133095_M1365_6B_S3_L001_R1_001.fastq.gz	data/M133095_M1365_6B_S3_L001_R2_001.fastq.gz	6452732.186	6801343.011
s0088	1	M1365	HMKLTDSX5	ILLUMINA	CGATAGAG+TTCGCCAT	M133099	2	data/M133099_M1365_6F_S40_L002_R1_001.fastq.gz	data/M133099_M1365_6F_S40_L002_R2_001.fastq.gz	5919341.769	6124606.737
s0089	1	M1365	HMKLTDSX5	ILLUMINA	AAGGACAC+CCACAACA	M133100	2	data/M133100_M1365_6G_S37_L002_R1_001.fastq.gz	data/M133100_M1365_6G_S37_L002_R2_001.fastq.gz	6750940.128	6948291.386
s0090	1	M1365	HMKLTDSX5	ILLUMINA	TGGAGAGT+AGGTAGGA	M133107	2	data/M133107_M1365_7F_S62_L002_R1_001.fastq.gz	data/M133107_M1365_7F_S62_L002_R2_001.fastq.gz	7972452.16	7990197.665
s0091	1	M1365	HMKLTDSX5	ILLUMINA	CGAACTGT+ATACGCAG	M133109	2	data/M133109_M1365_7H_S36_L002_R1_001.fastq.gz	data/M133109_M1365_7H_S36_L002_R2_001.fastq.gz	5810267.965	5965914.229
s0092	1	M1365	HMKLTDSX5	ILLUMINA	TCTCGCAA+ACAAGACG	M133113	2	data/M133113_M1365_8D_S38_L002_R1_001.fastq.gz	data/M133113_M1365_8D_S38_L002_R2_001.fastq.gz	6787463.975	7091945.081
s0093	1	M1365	HMKLTDSX5	ILLUMINA	CTAGGTGA+CTATCCAC	M133117	2	data/M133117_M1365_8H_S39_L002_R1_001.fastq.gz	data/M133117_M1365_8H_S39_L002_R2_001.fastq.gz	6080867.936	6482643.37
s0094	1	M1365	HMKLTDSX5	ILLUMINA	GAACGCTT+AAGTGCAG	M133123	2	data/M133123_M1365_9F_S68_L002_R1_001.fastq.gz	data/M133123_M1365_9F_S68_L002_R2_001.fastq.gz	8988282.807	9137961.122
s0095	1	M1365	HMKLTDSX5	ILLUMINA	GAGATACG+CTCGAACA	M133125	1	data/M133125_M1365_9H_S20_L001_R1_001.fastq.gz	data/M133125_M1365_9H_S20_L001_R2_001.fastq.gz	4641834.467	4470599.132
s0096	1	M1365	HMKLTDSX5	ILLUMINA	GCTCTGTA+CTTACAGC	M133129	2	data/M133129_M1365_10D_S35_L002_R1_001.fastq.gz	data/M133129_M1365_10D_S35_L002_R2_001.fastq.gz	5690714.382	5979958.272
s0097	1	M1365	HMKLTDSX5	ILLUMINA	GTCAGTTG+CGATTGGA	M133133	2	data/M133133_M1365_10H_S51_L002_R1_001.fastq.gz	data/M133133_M1365_10H_S51_L002_R2_001.fastq.gz	5338763.863	5583872.561
s0098	1	M1365	HMKLTDSX5	ILLUMINA	CGAGTATG+TGCACTTG	M133144	2	data/M133144_M1365_12C_S44_L002_R1_001.fastq.gz	data/M133144_M1365_12C_S44_L002_R2_001.fastq.gz	5628735.826	5695750.415
s0099	1	M1365	HMKLTDSX5	ILLUMINA	AGGATCTG+CCAAGGTT	M133148	2	data/M133148_M1365_12G_S41_L002_R1_001.fastq.gz	data/M133148_M1365_12G_S41_L002_R2_001.fastq.gz	6407741.211	6466807.925
s0100	1	M1370	HMKLTDSX5	ILLUMINA	ACCTAAGG+ATCTCCTG	M133618	2	data/M133618_M1370_11E_S42_L002_R1_001.fastq.gz	data/M133618_M1370_11E_S42_L002_R2_001.fastq.gz	6108112.238	6316341.387
s0101	1	M1372	HMKLTDSX5	ILLUMINA	GTAGAGCA+TATGACCG	M133803	1	data/M133803_M1372_10F_S22_L001_R1_001.fastq.gz	data/M133803_M1372_10F_S22_L001_R2_001.fastq.gz	6193070.017	6588019.915
s0102	1	M1372	HMKLTDSX5	ILLUMINA	CAGAATCG+CCAGTTGA	M133820	1	data/M133820_M1372_12G_S25_L001_R1_001.fastq.gz	data/M133820_M1372_12G_S25_L001_R2_001.fastq.gz	6886361.753	7110350.856
